{
    "videos": [
        {
            "video_filename": "09.mp4",
            "annotations": [
                {
                    "object": "Door",
                    "states": [
                        {
                            "state_id": 1,
                            "description": "Opening",
                            "guessed_frame": 63
                        },
                        {
                            "state_id": 2,
                            "description": "Closing",
                            "guessed_frame": 545
                        }
                    ]
                }
            ]
        },
        {
            "video_filename": "03.mp4",
            "annotations": [
                {
                    "object": "Door",
                    "states": [
                        {
                            "state_id": 1,
                            "description": "Opening",
                            "guessed_frame": 58
                        },
                        {
                            "state_id": 2,
                            "description": "Closing",
                            "guessed_frame": 255
                        }
                    ]
                }
            ]
        },
        {
            "video_filename": "01.mp4",
            "annotations": [
                {
                    "object": "Door",
                    "states": [
                        {
                            "state_id": 1,
                            "description": "Opening",
                            "guessed_frame": 88
                        },
                        {
                            "state_id": 2,
                            "description": "Closing",
                            "guessed_frame": 168
                        }
                    ]
                }
            ]
        },
        {
            "video_filename": "05.mp4",
            "annotations": [
                {
                    "object": "Door",
                    "states": [
                        {
                            "state_id": 1,
                            "description": "Opening",
                            "guessed_frame": 102
                        },
                        {
                            "state_id": 2,
                            "description": "Closing",
                            "guessed_frame": 349
                        }
                    ]
                }
            ]
        },
        {
            "video_filename": "07.mp4",
            "annotations": [
                {
                    "object": "Door",
                    "states": [
                        {
                            "state_id": 1,
                            "description": "Opening",
                            "guessed_frame": 89
                        },
                        {
                            "state_id": 2,
                            "description": "Closing",
                            "guessed_frame": 171
                        }
                    ]
                }
            ]
        }
    ]
}